<?xml version="1.0" encoding="UTF-8"?>
<project-private xmlns="http://www.netbeans.org/ns/project-private/1">
    <editor-bookmarks xmlns="http://www.netbeans.org/ns/editor-bookmarks/2" lastBookmarkId="0"/>
    <open-files xmlns="http://www.netbeans.org/ns/projectui-open-files/2">
        <group>
            <file>file:/Users/mp/Desktop/workspace/CC/adhoc_app/src/adhoc_app/Hello.java</file>
            <file>file:/Users/mp/Desktop/workspace/CC/adhoc_app/src/adhoc_app/HandlerReceive.java</file>
            <file>file:/Users/mp/Desktop/workspace/CC/adhoc_app/src/adhoc_app/HandlerSend.java</file>
        </group>
    </open-files>
</project-private>
